archive,member_index,path,bytes,modified_utc,kind,suspicious
kingtube.tar.gz,0,kingtube,0,2026-02-10T21:07:17+00:00,dir,0
kingtube.tar.gz,1,kingtube/admin,0,2026-02-10T21:07:15+00:00,dir,0
kingtube.tar.gz,2,kingtube/admin/assets,0,2026-02-10T21:07:14+00:00,dir,0
kingtube.tar.gz,3,kingtube/admin/assets/img,0,2026-02-10T21:07:14+00:00,dir,0
kingtube.tar.gz,4,kingtube/admin/assets/img/metabox,0,2026-02-10T21:07:15+00:00,dir,0
kingtube.tar.gz,5,kingtube/admin/assets/img/metabox/google-drive.jpg,4861,2026-02-10T21:07:15+00:00,file,0
kingtube.tar.gz,6,kingtube/admin/assets/img/metabox/mp4.jpg,3945,2026-02-10T21:07:15+00:00,file,0
kingtube.tar.gz,7,kingtube/admin/assets/img/metabox/pornhub.jpg,4708,2026-02-10T21:07:15+00:00,file,0
kingtube.tar.gz,8,kingtube/admin/assets/img/metabox/redtube.jpg,3832,2026-02-10T21:07:15+00:00,file,0
kingtube.tar.gz,9,kingtube/admin/assets/img/metabox/spankwire.jpg,4822,2026-02-10T21:07:15+00:00,file,0
kingtube.tar.gz,10,kingtube/admin/assets/img/metabox/tube8.jpg,3858,2026-02-10T21:07:15+00:00,file,0
kingtube.tar.gz,11,kingtube/admin/assets/img/metabox/xhamster.jpg,5639,2026-02-10T21:07:15+00:00,file,0
kingtube.tar.gz,12,kingtube/admin/assets/img/metabox/xvideos.jpg,3594,2026-02-10T21:07:15+00:00,file,0
kingtube.tar.gz,13,kingtube/admin/assets/img/metabox/youporn.jpg,3737,2026-02-10T21:07:15+00:00,file,0
kingtube.tar.gz,14,kingtube/admin/assets/img/metabox/youtube.jpg,4386,2026-02-10T21:07:15+00:00,file,0
kingtube.tar.gz,15,kingtube/admin/assets/img/theme-options,0,2026-02-10T21:07:15+00:00,dir,0
kingtube.tar.gz,16,kingtube/admin/assets/img/theme-options/footer-1-column.jpg,4129,2026-02-10T21:07:15+00:00,file,0
kingtube.tar.gz,17,kingtube/admin/assets/img/theme-options/footer-2-columns.jpg,4462,2026-02-10T21:07:15+00:00,file,0
kingtube.tar.gz,18,kingtube/admin/assets/img/theme-options/footer-3-columns.jpg,4632,2026-02-10T21:07:15+00:00,file,0
kingtube.tar.gz,19,kingtube/admin/assets/img/theme-options/footer-4-columns.jpg,4815,2026-02-10T21:07:15+00:00,file,0
kingtube.tar.gz,20,kingtube/admin/assets/img/theme-options/footer-happy-desktop.jpg,4078,2026-02-10T21:07:15+00:00,file,0
kingtube.tar.gz,21,kingtube/admin/assets/img/theme-options/footer-happy-mobile.jpg,2906,2026-02-10T21:07:15+00:00,file,0
kingtube.tar.gz,22,kingtube/admin/assets/img/theme-options/header-happy-mobile.jpg,2987,2026-02-10T21:07:15+00:00,file,0
kingtube.tar.gz,23,kingtube/admin/assets/img/theme-options/inside-player-happy-zone-1-desktop.jpg,4362,2026-02-10T21:07:15+00:00,file,0
kingtube.tar.gz,24,kingtube/admin/assets/img/theme-options/inside-player-happy-zone-2-desktop.jpg,4387,2026-02-10T21:07:15+00:00,file,0
kingtube.tar.gz,25,kingtube/admin/assets/img/theme-options/sidebar-happy-mobile.jpg,3538,2026-02-10T21:07:15+00:00,file,0
kingtube.tar.gz,26,kingtube/admin/assets/img/theme-options/sidebar-happy-zone-1.jpg,4506,2026-02-10T21:07:15+00:00,file,0
kingtube.tar.gz,27,kingtube/admin/assets/img/theme-options/sidebar-happy-zone-2.jpg,4507,2026-02-10T21:07:15+00:00,file,0
kingtube.tar.gz,28,kingtube/admin/assets/img/theme-options/sidebar-happy-zone-3.jpg,4418,2026-02-10T21:07:15+00:00,file,0
kingtube.tar.gz,29,kingtube/admin/assets/img/theme-options/under-player-happy-desktop.jpg,4234,2026-02-10T21:07:15+00:00,file,0
kingtube.tar.gz,30,kingtube/admin/assets/img/theme-options/under-player-happy-mobile.jpg,2872,2026-02-10T21:07:15+00:00,file,0
kingtube.tar.gz,31,kingtube/admin/assets/img/theme-options/videos-per-page-mobile.jpg,3898,2026-02-10T21:07:15+00:00,file,0
kingtube.tar.gz,32,kingtube/admin/assets/img/theme-options/videos-per-page.jpg,8447,2026-02-10T21:07:15+00:00,file,0
kingtube.tar.gz,33,kingtube/admin/assets/img/theme-options/videos-per-row-mobile.jpg,2806,2026-02-10T21:07:15+00:00,file,0
kingtube.tar.gz,34,kingtube/admin/assets/img/theme-options/videos-per-row.jpg,5308,2026-02-10T21:07:15+00:00,file,0
kingtube.tar.gz,35,kingtube/admin/assets/js,0,2026-02-10T21:07:15+00:00,dir,0
kingtube.tar.gz,36,kingtube/admin/assets/js/admin.js,3373,2026-02-10T21:07:15+00:00,file,0
kingtube.tar.gz,37,kingtube/admin/import,0,2026-02-10T21:07:15+00:00,dir,0
kingtube.tar.gz,38,kingtube/admin/import/wpst-import.js,10730,2026-02-10T21:07:15+00:00,file,0
kingtube.tar.gz,39,kingtube/admin/import/wpst-import.php,157,2026-02-10T21:07:15+00:00,file,0
kingtube.tar.gz,40,kingtube/admin/import/wpst-importer.php,14219,2026-02-10T21:07:15+00:00,file,0
kingtube.tar.gz,41,kingtube/admin/vendors,0,2026-02-10T21:07:14+00:00,dir,0
kingtube.tar.gz,42,kingtube/admin/vendors/bootstrap-modal,0,2026-02-10T21:07:15+00:00,dir,0
kingtube.tar.gz,43,kingtube/admin/vendors/bootstrap-modal/bootstrap.modal.min.css,7226,2026-02-10T21:07:15+00:00,file,0
kingtube.tar.gz,44,kingtube/admin/vendors/bootstrap-modal/bootstrap.modal.min.js,8426,2026-02-10T21:07:15+00:00,file,0
kingtube.tar.gz,45,kingtube/admin/metabox.php,7446,2026-02-10T21:07:15+00:00,file,0
kingtube.tar.gz,46,kingtube/admin/options.php,52435,2026-02-10T21:07:15+00:00,file,0
kingtube.tar.gz,47,kingtube/assets,0,2026-02-10T21:07:14+00:00,dir,0
kingtube.tar.gz,48,kingtube/assets/img,0,2026-02-10T21:07:15+00:00,dir,0
kingtube.tar.gz,49,kingtube/assets/img/banners,0,2026-02-10T21:07:15+00:00,dir,0
kingtube.tar.gz,50,kingtube/assets/img/banners/full-banner.jpg,5892,2026-02-10T21:07:15+00:00,file,0
kingtube.tar.gz,51,kingtube/assets/img/banners/happy-1.png,1253,2026-02-10T21:07:15+00:00,file,0
kingtube.tar.gz,52,kingtube/assets/img/banners/happy-2.png,1658,2026-02-10T21:07:15+00:00,file,0
kingtube.tar.gz,53,kingtube/assets/img/banners/happy-3.png,1619,2026-02-10T21:07:15+00:00,file,0
kingtube.tar.gz,54,kingtube/assets/img/banners/happy-4.png,2586,2026-02-10T21:07:15+00:00,file,0
kingtube.tar.gz,55,kingtube/assets/img/banners/happy-5.png,1199,2026-02-10T21:07:15+00:00,file,0
kingtube.tar.gz,56,kingtube/assets/img/banners/header-mobile.jpg,4872,2026-02-10T21:07:15+00:00,file,0
kingtube.tar.gz,57,kingtube/assets/img/banners/leaderboard.jpg,10470,2026-02-10T21:07:15+00:00,file,0
kingtube.tar.gz,58,kingtube/assets/img/banners/square.jpg,9575,2026-02-10T21:07:15+00:00,file,0
kingtube.tar.gz,59,kingtube/assets/img/px.gif,1095,2026-02-10T21:07:15+00:00,file,0
kingtube.tar.gz,60,kingtube/assets/js,0,2026-02-10T21:07:15+00:00,dir,0
kingtube.tar.gz,61,kingtube/assets/js/jquery.fancybox.min.js,64701,2026-02-10T21:07:15+00:00,file,0
kingtube.tar.gz,62,kingtube/assets/js/main.js,36884,2026-02-10T21:07:15+00:00,file,0
kingtube.tar.gz,63,kingtube/assets/js/navigation.js,4494,2026-02-10T21:07:15+00:00,file,0
kingtube.tar.gz,64,kingtube/assets/js/skip-link-focus-fix.js,683,2026-02-10T21:07:15+00:00,file,0
kingtube.tar.gz,65,kingtube/assets/js/waterfall.js,2902,2026-02-10T21:07:15+00:00,file,0
kingtube.tar.gz,66,kingtube/assets/stylesheets,0,2026-02-10T21:07:14+00:00,dir,0
kingtube.tar.gz,67,kingtube/assets/stylesheets/fancybox,0,2026-02-10T21:07:15+00:00,dir,0
kingtube.tar.gz,68,kingtube/assets/stylesheets/fancybox/jquery.fancybox.min.css,13924,2026-02-10T21:07:15+00:00,file,0
kingtube.tar.gz,69,kingtube/assets/stylesheets/font-awesome,0,2026-02-10T21:07:14+00:00,dir,0
kingtube.tar.gz,70,kingtube/assets/stylesheets/font-awesome/css,0,2026-02-10T21:07:15+00:00,dir,0
kingtube.tar.gz,71,kingtube/assets/stylesheets/font-awesome/css/font-awesome.css,37414,2026-02-10T21:07:15+00:00,file,0
kingtube.tar.gz,72,kingtube/assets/stylesheets/font-awesome/css/font-awesome.min.css,31000,2026-02-10T21:07:15+00:00,file,0
kingtube.tar.gz,73,kingtube/assets/stylesheets/font-awesome/fonts,0,2026-02-10T21:07:15+00:00,dir,0
kingtube.tar.gz,74,kingtube/assets/stylesheets/font-awesome/fonts/FontAwesome.otf,134808,2026-02-10T21:07:15+00:00,file,0
kingtube.tar.gz,75,kingtube/assets/stylesheets/font-awesome/fonts/fontawesome-webfont.eot,165742,2026-02-10T21:07:15+00:00,file,0
kingtube.tar.gz,76,kingtube/assets/stylesheets/font-awesome/fonts/fontawesome-webfont.svg,444379,2026-02-10T21:07:15+00:00,file,0
kingtube.tar.gz,77,kingtube/assets/stylesheets/font-awesome/fonts/fontawesome-webfont.ttf,165548,2026-02-10T21:07:15+00:00,file,0
kingtube.tar.gz,78,kingtube/assets/stylesheets/font-awesome/fonts/fontawesome-webfont.woff,98024,2026-02-10T21:07:15+00:00,file,0
kingtube.tar.gz,79,kingtube/assets/stylesheets/font-awesome/fonts/fontawesome-webfont.woff2,77160,2026-02-10T21:07:15+00:00,file,0
kingtube.tar.gz,80,kingtube/inc,0,2026-02-10T21:07:16+00:00,dir,0
kingtube.tar.gz,81,kingtube/inc/actions.php,4094,2026-02-10T21:07:16+00:00,file,0
kingtube.tar.gz,82,kingtube/inc/actor-image.php,5379,2026-02-10T21:07:16+00:00,file,0
kingtube.tar.gz,83,kingtube/inc/actors.php,1548,2026-02-10T21:07:16+00:00,file,0
kingtube.tar.gz,84,kingtube/inc/ajax-get-async-post-data.php,546,2026-02-10T21:07:16+00:00,file,0
kingtube.tar.gz,85,kingtube/inc/ajax-login-register.php,15631,2026-02-10T21:07:16+00:00,file,0
kingtube.tar.gz,86,kingtube/inc/ajax-post-like.php,1895,2026-02-10T21:07:16+00:00,file,0
kingtube.tar.gz,87,kingtube/inc/ajax-post-views.php,723,2026-02-10T21:07:16+00:00,file,0
kingtube.tar.gz,88,kingtube/inc/blog-functions.php,889,2026-02-10T21:07:16+00:00,file,0
kingtube.tar.gz,89,kingtube/inc/breadcrumbs.php,10703,2026-02-10T21:07:16+00:00,file,0
kingtube.tar.gz,90,kingtube/inc/category-image.php,5173,2026-02-10T21:07:16+00:00,file,0
kingtube.tar.gz,91,kingtube/inc/cpt-blog.php,4094,2026-02-10T21:07:16+00:00,file,0
kingtube.tar.gz,92,kingtube/inc/cpt-photos.php,4242,2026-02-10T21:07:16+00:00,file,0
kingtube.tar.gz,93,kingtube/inc/extras.php,852,2026-02-10T21:07:16+00:00,file,0
kingtube.tar.gz,94,kingtube/inc/init.php,1550,2026-02-10T21:07:16+00:00,file,0
kingtube.tar.gz,95,kingtube/inc/jetpack.php,863,2026-02-10T21:07:16+00:00,file,0
kingtube.tar.gz,96,kingtube/inc/meta-social.php,1617,2026-02-10T21:07:16+00:00,file,0
kingtube.tar.gz,97,kingtube/inc/pagination.php,2227,2026-02-10T21:07:16+00:00,file,0
kingtube.tar.gz,98,kingtube/inc/plugin-activation.php,2352,2026-02-10T21:07:16+00:00,file,0
kingtube.tar.gz,99,kingtube/inc/post-like.php,1782,2026-02-10T21:07:16+00:00,file,0
kingtube.tar.gz,100,kingtube/inc/theme-activation.php,6281,2026-02-10T21:07:16+00:00,file,0
kingtube.tar.gz,101,kingtube/inc/video-functions.php,7312,2026-02-10T21:07:16+00:00,file,0
kingtube.tar.gz,102,kingtube/inc/widget-video.php,7839,2026-02-10T21:07:16+00:00,file,0
kingtube.tar.gz,103,kingtube/languages,0,2026-02-10T21:07:16+00:00,dir,0
kingtube.tar.gz,104,kingtube/languages/fr_FR.mo,22955,2026-02-10T21:07:16+00:00,file,0
kingtube.tar.gz,105,kingtube/languages/fr_FR.po,24029,2026-02-10T21:07:16+00:00,file,0
kingtube.tar.gz,106,kingtube/languages/wpst.pot,30282,2026-02-10T21:07:16+00:00,file,0
kingtube.tar.gz,107,kingtube/template-parts,0,2026-02-10T21:07:17+00:00,dir,0
kingtube.tar.gz,108,kingtube/template-parts/content-filters.php,2404,2026-02-10T21:07:16+00:00,file,0
kingtube.tar.gz,109,kingtube/template-parts/content-header-search.php,672,2026-02-10T21:07:16+00:00,file,0
kingtube.tar.gz,110,kingtube/template-parts/content-logo-watermark.php,1059,2026-02-10T21:07:16+00:00,file,0
kingtube.tar.gz,111,kingtube/template-parts/content-none.php,959,2026-02-10T21:07:16+00:00,file,0
kingtube.tar.gz,112,kingtube/template-parts/content-page.php,835,2026-02-10T21:07:16+00:00,file,0
kingtube.tar.gz,113,kingtube/template-parts/content-photos.php,1729,2026-02-10T21:07:16+00:00,file,0
kingtube.tar.gz,114,kingtube/template-parts/content-related-photos.php,1085,2026-02-10T21:07:16+00:00,file,0
kingtube.tar.gz,115,kingtube/template-parts/content-related.php,906,2026-02-10T21:07:16+00:00,file,0
kingtube.tar.gz,116,kingtube/template-parts/content-search.php,622,2026-02-10T21:07:16+00:00,file,0
kingtube.tar.gz,117,kingtube/template-parts/content-sidebar-ads.php,347,2026-02-10T21:07:16+00:00,file,0
kingtube.tar.gz,118,kingtube/template-parts/content-standard.php,1277,2026-02-10T21:07:16+00:00,file,0
kingtube.tar.gz,119,kingtube/template-parts/content-video-player.php,21384,2026-02-10T21:07:16+00:00,file,0
kingtube.tar.gz,120,kingtube/template-parts/content-video.php,1488,2026-02-10T21:07:17+00:00,file,0
kingtube.tar.gz,121,kingtube/template-parts/content.php,1095,2026-02-10T21:07:17+00:00,file,0
kingtube.tar.gz,122,kingtube/template-parts/loop-blog.php,1190,2026-02-10T21:07:17+00:00,file,0
kingtube.tar.gz,123,kingtube/template-parts/loop-photo.php,1397,2026-02-10T21:07:17+00:00,file,0
kingtube.tar.gz,124,kingtube/template-parts/loop-video.php,3391,2026-02-10T21:07:17+00:00,file,0
kingtube.tar.gz,125,kingtube/tgmpa,0,2026-02-10T21:07:17+00:00,dir,0
kingtube.tar.gz,126,kingtube/tgmpa/class-tgm-plugin-activation.php,126612,2026-02-10T21:07:17+00:00,file,0
kingtube.tar.gz,127,kingtube/tgmpa/config.php,3746,2026-02-10T21:07:17+00:00,file,0
kingtube.tar.gz,128,kingtube/vendor,0,2026-02-10T21:07:17+00:00,dir,0
kingtube.tar.gz,129,kingtube/vendor/composer,0,2026-02-10T21:07:17+00:00,dir,0
kingtube.tar.gz,130,kingtube/vendor/composer/ClassLoader.php,16378,2026-02-10T21:07:17+00:00,file,0
kingtube.tar.gz,131,kingtube/vendor/composer/InstalledVersions.php,17395,2026-02-10T21:07:17+00:00,file,0
kingtube.tar.gz,132,kingtube/vendor/composer/LICENSE,1070,2026-02-10T21:07:17+00:00,file,0
kingtube.tar.gz,133,kingtube/vendor/composer/autoload_classmap.php,222,2026-02-10T21:07:17+00:00,file,0
kingtube.tar.gz,134,kingtube/vendor/composer/autoload_namespaces.php,139,2026-02-10T21:07:17+00:00,file,0
kingtube.tar.gz,135,kingtube/vendor/composer/autoload_psr4.php,133,2026-02-10T21:07:17+00:00,file,0
kingtube.tar.gz,136,kingtube/vendor/composer/autoload_real.php,1137,2026-02-10T21:07:17+00:00,file,0
kingtube.tar.gz,137,kingtube/vendor/composer/autoload_static.php,552,2026-02-10T21:07:17+00:00,file,0
kingtube.tar.gz,138,kingtube/vendor/composer/installed.json,70,2026-02-10T21:07:17+00:00,file,0
kingtube.tar.gz,139,kingtube/vendor/composer/installed.php,769,2026-02-10T21:07:17+00:00,file,0
kingtube.tar.gz,140,kingtube/vendor/composer/platform_check.php,917,2026-02-10T21:07:17+00:00,file,0
kingtube.tar.gz,141,kingtube/vendor/autoload.php,748,2026-02-10T21:07:17+00:00,file,0
kingtube.tar.gz,142,kingtube/404.php,1097,2026-02-10T21:07:15+00:00,file,0
kingtube.tar.gz,143,kingtube/LICENSE,18046,2026-02-10T21:07:15+00:00,file,0
kingtube.tar.gz,144,kingtube/archive-blog.php,695,2026-02-10T21:07:15+00:00,file,0
kingtube.tar.gz,145,kingtube/archive-photos.php,675,2026-02-10T21:07:15+00:00,file,0
kingtube.tar.gz,146,kingtube/archive.php,677,2026-02-10T21:07:15+00:00,file,0
kingtube.tar.gz,147,kingtube/author.php,609,2026-02-10T21:07:16+00:00,file,0
kingtube.tar.gz,148,kingtube/category.php,1001,2026-02-10T21:07:16+00:00,file,0
kingtube.tar.gz,149,kingtube/comments.php,5111,2026-02-10T21:07:16+00:00,file,0
kingtube.tar.gz,150,kingtube/footer.php,2335,2026-02-10T21:07:16+00:00,file,0
kingtube.tar.gz,151,kingtube/functions.php,18877,2026-02-10T21:07:16+00:00,file,0
kingtube.tar.gz,152,kingtube/header.php,4093,2026-02-10T21:07:16+00:00,file,0
kingtube.tar.gz,153,kingtube/index.php,2142,2026-02-10T21:07:16+00:00,file,0
kingtube.tar.gz,154,kingtube/page.php,395,2026-02-10T21:07:16+00:00,file,0
kingtube.tar.gz,155,kingtube/readme.txt,14784,2026-02-10T21:07:16+00:00,file,0
kingtube.tar.gz,156,kingtube/rtl.css,370,2026-02-10T21:07:16+00:00,file,0
kingtube.tar.gz,157,kingtube/screenshot.png,241705,2026-02-10T21:07:16+00:00,file,0
kingtube.tar.gz,158,kingtube/search.php,1397,2026-02-10T21:07:16+00:00,file,0
kingtube.tar.gz,159,kingtube/single-blog.php,336,2026-02-10T21:07:16+00:00,file,0
kingtube.tar.gz,160,kingtube/single-photos.php,324,2026-02-10T21:07:16+00:00,file,0
kingtube.tar.gz,161,kingtube/single.php,323,2026-02-10T21:07:16+00:00,file,0
kingtube.tar.gz,162,kingtube/style.css,60641,2026-02-10T21:07:16+00:00,file,0
kingtube.tar.gz,163,kingtube/tag.php,1039,2026-02-10T21:07:16+00:00,file,0
kingtube.tar.gz,164,kingtube/taxonomy-actors.php,957,2026-02-10T21:07:16+00:00,file,0
kingtube.tar.gz,165,kingtube/temp-style.php,5892,2026-02-10T21:07:16+00:00,file,0
kingtube.tar.gz,166,kingtube/template-actors.php,3319,2026-02-10T21:07:16+00:00,file,0
kingtube.tar.gz,167,kingtube/template-blog.php,931,2026-02-10T21:07:16+00:00,file,0
kingtube.tar.gz,168,kingtube/template-categories.php,2953,2026-02-10T21:07:16+00:00,file,0
kingtube.tar.gz,169,kingtube/template-my-profile.php,7837,2026-02-10T21:07:16+00:00,file,0
kingtube.tar.gz,170,kingtube/template-tags.php,1229,2026-02-10T21:07:17+00:00,file,0
kingtube.tar.gz,171,kingtube/template-video-submit.php,32699,2026-02-10T21:07:17+00:00,file,0
uploads.tar.gz,0,uploads,0,2026-06-18T17:05:54+00:00,dir,0
uploads.tar.gz,1,uploads/xvideos-thumbs,0,2023-06-11T21:28:47+00:00,dir,0
uploads.tar.gz,2,uploads/wpcode,0,2023-06-21T13:18:39+00:00,dir,0
uploads.tar.gz,3,uploads/wpcode/cache,0,2023-06-21T13:18:41+00:00,dir,0
uploads.tar.gz,4,uploads/wpcode/cache/index.html,0,2023-06-21T13:18:39+00:00,file,0
uploads.tar.gz,5,uploads/wpcode/cache/library,0,2023-06-21T13:18:41+00:00,dir,0
uploads.tar.gz,6,uploads/wpcode/cache/library/index.html,0,2023-06-21T13:18:39+00:00,file,0
uploads.tar.gz,7,uploads/wpcode/cache/library/snippets.json,34640,2024-04-15T17:54:05+00:00,file,0
uploads.tar.gz,8,uploads/wpcode/cache/library/profile_aioseo.json,8551,2023-08-11T08:34:19+00:00,file,0
uploads.tar.gz,9,uploads/wpcode/cache/docs.json,5960,2024-04-15T17:54:06+00:00,file,0
uploads.tar.gz,10,uploads/wpcode/index.html,0,2023-06-21T13:18:39+00:00,file,0
uploads.tar.gz,11,uploads/wp-staging,0,2024-01-20T17:39:09+00:00,dir,0
uploads.tar.gz,12,uploads/wp-staging/logs,0,2026-06-18T17:03:00+00:00,dir,0
uploads.tar.gz,13,uploads/wp-staging/logs/index.php,696,2024-01-20T17:21:25+00:00,file,0
uploads.tar.gz,14,uploads/wp-staging/logs/index.html,0,2024-01-20T17:21:25+00:00,file,0
uploads.tar.gz,15,uploads/wp-staging/logs/.htaccess,225,2024-01-20T17:21:26+00:00,file,0
uploads.tar.gz,16,uploads/wp-staging/logs/web.config,378,2024-01-20T17:21:26+00:00,file,0
uploads.tar.gz,17,uploads/wp-staging/logs/wpstg_debug_f4669b14e459275fed5f5c53e9f82cbb.log,250,2026-06-18T17:03:00+00:00,file,0
uploads.tar.gz,18,uploads/wp-staging/cache,0,2024-01-20T17:39:09+00:00,dir,0
uploads.tar.gz,19,uploads/wp-staging/cache/index.php,696,2024-01-20T17:21:26+00:00,file,0
uploads.tar.gz,20,uploads/wp-staging/cache/index.html,0,2024-01-20T17:21:26+00:00,file,0
uploads.tar.gz,21,uploads/wp-staging/cache/.htaccess,225,2024-01-20T17:21:26+00:00,file,0
uploads.tar.gz,22,uploads/wp-staging/cache/web.config,378,2024-01-20T17:21:26+00:00,file,0
uploads.tar.gz,23,uploads/wp-staging/index.php,696,2024-01-20T17:21:26+00:00,file,0
uploads.tar.gz,24,uploads/wp-staging/index.html,0,2024-01-20T17:21:26+00:00,file,0
uploads.tar.gz,25,uploads/wp-staging/.htaccess,225,2024-01-20T17:21:26+00:00,file,0
uploads.tar.gz,26,uploads/wp-staging/web.config,378,2024-01-20T17:21:26+00:00,file,0
uploads.tar.gz,27,uploads/wp-staging/backups,0,2024-01-20T17:39:08+00:00,dir,0
uploads.tar.gz,28,uploads/wp-staging/backups/index.php,696,2024-01-20T17:21:26+00:00,file,0
uploads.tar.gz,29,uploads/wp-staging/backups/index.html,0,2024-01-20T17:21:26+00:00,file,0
uploads.tar.gz,30,uploads/wp-staging/backups/.htaccess,225,2024-01-20T17:21:26+00:00,file,0
uploads.tar.gz,31,uploads/wp-staging/backups/web.config,378,2024-01-20T17:21:26+00:00,file,0
uploads.tar.gz,32,uploads/wp-staging/backups/zorritasmexicanas.com_20240120-113908_c50e96dfa71c.wpstg,2892819451,2024-01-20T17:39:08+00:00,file,0
uploads.tar.gz,33,uploads/wpo,0,2024-11-23T05:08:12+00:00,dir,0
uploads.tar.gz,34,uploads/wpo/logs,0,2024-11-23T05:08:16+00:00,dir,0
uploads.tar.gz,35,uploads/wpo/logs/webp-124471108c856e5deb43.log,58,2024-11-23T05:08:16+00:00,file,0
uploads.tar.gz,36,uploads/wpo/wpo-plugins-tables-list.json,954904,2024-11-23T05:06:17+00:00,file,0
uploads.tar.gz,37,uploads/wpo/images,0,2024-11-23T05:32:16+00:00,dir,0
uploads.tar.gz,38,uploads/wpo/images/wpo_logo_small.png,15666,2024-11-23T05:08:16+00:00,file,0
uploads.tar.gz,39,uploads/.htaccess,0,2024-11-23T05:32:16+00:00,file,0
uploads.tar.gz,40,uploads/cleanup_media.php,5491,2025-08-13T03:51:59+00:00,file,0
uploads.tar.gz,41,uploads/cleanup-logs,0,2025-08-13T03:52:37+00:00,dir,0
uploads.tar.gz,42,uploads/cleanup-logs/kept_20250813_034520.txt,877758,2025-08-13T03:48:51+00:00,file,0
uploads.tar.gz,43,uploads/cleanup-logs/deleted_20250813_034520.txt,26799381,2025-08-13T03:48:51+00:00,file,0
uploads.tar.gz,44,uploads/cleanup-logs/duplicates_20250813_034520.txt,11372274,2025-08-13T03:48:51+00:00,file,0
uploads.tar.gz,45,uploads/cleanup-logs/small_20250813_034520.txt,21301212,2025-08-13T03:47:13+00:00,file,0
uploads.tar.gz,46,uploads/cleanup-logs/orphans_20250813_034520.txt,0,2025-08-13T03:45:20+00:00,file,0
uploads.tar.gz,47,uploads/cleanup-logs/kept_20250813_034540.txt,877758,2025-08-13T03:48:51+00:00,file,0
uploads.tar.gz,48,uploads/cleanup-logs/deleted_20250813_034540.txt,26799381,2025-08-13T03:48:51+00:00,file,0
uploads.tar.gz,49,uploads/cleanup-logs/duplicates_20250813_034540.txt,11372274,2025-08-13T03:48:51+00:00,file,0
uploads.tar.gz,50,uploads/cleanup-logs/small_20250813_034540.txt,21301212,2025-08-13T03:47:14+00:00,file,0
uploads.tar.gz,51,uploads/cleanup-logs/orphans_20250813_034540.txt,0,2025-08-13T03:45:40+00:00,file,0
uploads.tar.gz,52,uploads/cleanup-logs/kept_20250813_034727.txt,877758,2025-08-13T03:48:51+00:00,file,0
uploads.tar.gz,53,uploads/cleanup-logs/deleted_20250813_034727.txt,26799381,2025-08-13T03:48:51+00:00,file,0
uploads.tar.gz,54,uploads/cleanup-logs/duplicates_20250813_034727.txt,11372274,2025-08-13T03:48:51+00:00,file,0
uploads.tar.gz,55,uploads/cleanup-logs/small_20250813_034727.txt,21301212,2025-08-13T03:48:26+00:00,file,0
uploads.tar.gz,56,uploads/cleanup-logs/orphans_20250813_034727.txt,0,2025-08-13T03:47:27+00:00,file,0
uploads.tar.gz,57,uploads/cleanup-logs/kept_20250813_035217.txt,0,2025-08-13T03:52:17+00:00,file,0
uploads.tar.gz,58,uploads/cleanup-logs/deleted_20250813_035217.txt,21301212,2025-08-13T03:52:54+00:00,file,0
uploads.tar.gz,59,uploads/cleanup-logs/duplicates_20250813_035217.txt,0,2025-08-13T03:52:17+00:00,file,0
uploads.tar.gz,60,uploads/cleanup-logs/small_20250813_035217.txt,21301212,2025-08-13T03:52:54+00:00,file,0
uploads.tar.gz,61,uploads/cleanup-logs/orphans_20250813_035217.txt,0,2025-08-13T03:52:17+00:00,file,0
uploads.tar.gz,62,uploads/cleanup-logs/kept_20250813_035237.txt,143771,2025-08-13T03:53:15+00:00,file,0
uploads.tar.gz,63,uploads/cleanup-logs/deleted_20250813_035237.txt,22260121,2025-08-13T03:53:16+00:00,file,0
uploads.tar.gz,64,uploads/cleanup-logs/duplicates_20250813_035237.txt,1983123,2025-08-13T03:53:16+00:00,file,0
uploads.tar.gz,65,uploads/cleanup-logs/small_20250813_035237.txt,21301212,2025-08-13T03:53:03+00:00,file,0
uploads.tar.gz,66,uploads/cleanup-logs/orphans_20250813_035237.txt,0,2025-08-13T03:52:37+00:00,file,0
uploads.tar.gz,67,uploads/error_log,831,2025-08-13T03:52:54+00:00,file,0
uploads.tar.gz,68,uploads/2025,0,2025-12-01T06:00:55+00:00,dir,0
uploads.tar.gz,69,uploads/2025/08,0,2025-08-13T04:03:51+00:00,dir,0
uploads.tar.gz,70,uploads/2025/09,0,2025-09-01T06:00:24+00:00,dir,0
uploads.tar.gz,71,uploads/2025/10,0,2025-10-01T06:00:01+00:00,dir,0
uploads.tar.gz,72,uploads/2025/11,0,2025-11-01T06:00:02+00:00,dir,0
uploads.tar.gz,73,uploads/2025/12,0,2025-12-04T10:39:12+00:00,dir,0
uploads.tar.gz,74,uploads/2026,0,2026-06-01T06:00:01+00:00,dir,0
uploads.tar.gz,75,uploads/2026/01,0,2026-01-01T06:01:03+00:00,dir,0
uploads.tar.gz,76,uploads/2026/02,0,2026-02-01T06:00:00+00:00,dir,0
uploads.tar.gz,77,uploads/2026/03,0,2026-03-01T06:00:05+00:00,dir,0
uploads.tar.gz,78,uploads/2026/04,0,2026-04-01T06:00:07+00:00,dir,0
uploads.tar.gz,79,uploads/2026/05,0,2026-05-01T06:00:02+00:00,dir,0
uploads.tar.gz,80,uploads/2026/06,0,2026-06-01T06:00:01+00:00,dir,0
uploads.tar.gz,81,uploads/wp-import-export-lite,0,2026-06-18T17:05:33+00:00,dir,0
uploads.tar.gz,82,uploads/wp-import-export-lite/export,0,2026-06-18T17:05:33+00:00,dir,0
uploads.tar.gz,83,uploads/wp-import-export-lite/export/index.php,0,2026-06-18T17:07:31+00:00,file,0
uploads.tar.gz,84,uploads/wp-import-export-lite/import,0,2026-06-18T17:05:33+00:00,dir,0
uploads.tar.gz,85,uploads/wp-import-export-lite/import/index.php,0,2026-06-18T17:07:31+00:00,file,0
uploads.tar.gz,86,uploads/wp-import-export-lite/temp,0,2026-06-18T17:05:33+00:00,dir,0
uploads.tar.gz,87,uploads/wp-import-export-lite/temp/index.php,0,2026-06-18T17:07:31+00:00,file,0
uploads.tar.gz,88,uploads/wp-import-export-lite/upload,0,2026-06-18T17:05:33+00:00,dir,0
uploads.tar.gz,89,uploads/wp-import-export-lite/upload/index.php,0,2026-06-18T17:07:31+00:00,file,0
uploads.tar.gz,90,uploads/wp-import-export-lite/index.php,0,2026-06-18T17:07:31+00:00,file,0
uploads.tar.gz,91,uploads/wp-sheet-editor,0,2026-06-18T17:05:54+00:00,dir,0
uploads.tar.gz,92,uploads/wp-sheet-editor/logs,0,2026-06-18T17:05:54+00:00,dir,0
uploads.tar.gz,93,uploads/wp-sheet-editor/logs/index.html,0,2026-06-18T17:05:54+00:00,file,0
uploads.tar.gz,94,uploads/wp-sheet-editor/logs/.htaccess,13,2026-06-18T17:05:54+00:00,file,0
uploads.tar.gz,95,uploads/wp-sheet-editor/queues,0,2026-06-18T17:05:54+00:00,dir,0
uploads.tar.gz,96,uploads/wp-sheet-editor/queues/index.html,0,2026-06-18T17:05:54+00:00,file,0
uploads.tar.gz,97,uploads/wp-sheet-editor/queues/.htaccess,13,2026-06-18T17:05:54+00:00,file,0
